,,,,,,,
Report type:,Route,,,,,,
,,,,,,,
Device:,eoc,,,,,,
Group:,Mountain Rescue,,,,,,
Period:,2022-09-13 17:00:00 - 2022-09-13 21:10:00,,,,,,
,,,,,,,
Valid,Time,Latitude,Longitude,Altitude,Speed,Address,Attributes
TRUE,2022-09-13 17:54:42,52.270462,-9.545613,193 m,0.4 kn,"52.270462°, -9.545613°",batteryLevel=98.0  distance=29038.25  totalDistance=607086.36  motion=true
TRUE,2022-09-13 17:57:14,52.270392,-9.545963,176 m,1.9 kn,"52.270392°, -9.545963°",batteryLevel=98.0  distance=25.07  totalDistance=607111.43  motion=true
TRUE,2022-09-13 17:57:45,52.270223,-9.545709,171 m,1.7 kn,"52.270223°, -9.545709°",batteryLevel=98.0  distance=25.54  totalDistance=607136.97  motion=true
TRUE,2022-09-13 17:58:04,52.270219,-9.545334,168 m,2.1 kn,"52.270219°, -9.545334°",batteryLevel=98.0  distance=25.56  totalDistance=607162.53  motion=true
TRUE,2022-09-13 17:58:23,52.270237,-9.544961,167 m,2.3 kn,"52.270237°, -9.544961°",batteryLevel=98.0  distance=25.51  totalDistance=607188.04  motion=true
TRUE,2022-09-13 17:58:43,52.270232,-9.544591,163 m,2.1 kn,"52.270232°, -9.544591°",batteryLevel=98.0  distance=25.16  totalDistance=607213.2  motion=true
TRUE,2022-09-13 17:59:03,52.270158,-9.544939,158 m,1.2 kn,"52.270158°, -9.544939°",batteryLevel=98.0  distance=25.03  totalDistance=607238.23  motion=true
TRUE,2022-09-13 17:59:17,52.269947,-9.544772,158 m,2.4 kn,"52.269947°, -9.544772°",batteryLevel=98.0  distance=26.12  totalDistance=607264.35  motion=true
TRUE,2022-09-13 17:59:36,52.269751,-9.544555,157 m,2.3 kn,"52.269751°, -9.544555°",batteryLevel=98.0  distance=26.4  totalDistance=607290.75  motion=true
TRUE,2022-09-13 17:59:53,52.269527,-9.544629,158 m,2.6 kn,"52.269527°, -9.544629°",batteryLevel=98.0  distance=25.41  totalDistance=607316.16  motion=true
TRUE,2022-09-13 18:00:38,52.269489,-9.544263,164 m,2.3 kn,"52.269489°, -9.544263°",batteryLevel=98.0  distance=25.28  totalDistance=607341.44  motion=true
TRUE,2022-09-13 18:00:54,52.269591,-9.543922,164 m,2.4 kn,"52.269591°, -9.543922°",batteryLevel=98.0  distance=25.86  totalDistance=607367.3  motion=true
TRUE,2022-09-13 18:01:10,52.269710,-9.543607,166 m,2.6 kn,"52.269710°, -9.543607°",batteryLevel=98.0  distance=25.21  totalDistance=607392.51  motion=true
TRUE,2022-09-13 18:01:28,52.269774,-9.543246,169 m,2.6 kn,"52.269774°, -9.543246°",batteryLevel=98.0  distance=25.65  totalDistance=607418.16  motion=true
TRUE,2022-09-13 18:01:44,52.269811,-9.542881,169 m,2.8 kn,"52.269811°, -9.542881°",batteryLevel=98.0  distance=25.19  totalDistance=607443.35  motion=true
TRUE,2022-09-13 18:02:01,52.269837,-9.542516,169 m,2.8 kn,"52.269837°, -9.542516°",batteryLevel=98.0  distance=25.02  totalDistance=607468.37  motion=true
TRUE,2022-09-13 18:02:16,52.269851,-9.542135,170 m,2.8 kn,"52.269851°, -9.542135°",batteryLevel=98.0  distance=26.01  totalDistance=607494.38  motion=true
TRUE,2022-09-13 18:02:35,52.269880,-9.541757,174 m,2.8 kn,"52.269880°, -9.541757°",batteryLevel=98.0  distance=25.93  totalDistance=607520.31  motion=true
TRUE,2022-09-13 18:02:52,52.269893,-9.541374,175 m,2.9 kn,"52.269893°, -9.541374°",batteryLevel=98.0  distance=26.1  totalDistance=607546.41  motion=true
TRUE,2022-09-13 18:03:10,52.269887,-9.541000,176 m,2.7 kn,"52.269887°, -9.541000°",batteryLevel=98.0  distance=25.5  totalDistance=607571.91  motion=true
TRUE,2022-09-13 18:03:28,52.269872,-9.540627,177 m,2.8 kn,"52.269872°, -9.540627°",batteryLevel=98.0  distance=25.45  totalDistance=607597.36  motion=true
TRUE,2022-09-13 18:03:44,52.269877,-9.540252,179 m,2.8 kn,"52.269877°, -9.540252°",batteryLevel=98.0  distance=25.54  totalDistance=607622.9  motion=true
TRUE,2022-09-13 18:04:01,52.269895,-9.539874,181 m,2.9 kn,"52.269895°, -9.539874°",batteryLevel=98.0  distance=25.83  totalDistance=607648.73  motion=true
TRUE,2022-09-13 18:04:18,52.269883,-9.539496,185 m,3.0 kn,"52.269883°, -9.539496°",batteryLevel=98.0  distance=25.83  totalDistance=607674.56  motion=true
TRUE,2022-09-13 18:04:36,52.269851,-9.539113,188 m,2.9 kn,"52.269851°, -9.539113°",batteryLevel=98.0  distance=26.3  totalDistance=607700.86  motion=true
TRUE,2022-09-13 18:04:53,52.269851,-9.538729,191 m,2.9 kn,"52.269851°, -9.538729°",batteryLevel=98.0  distance=26.17  totalDistance=607727.03  motion=true
TRUE,2022-09-13 18:05:09,52.269892,-9.538366,194 m,3.0 kn,"52.269892°, -9.538366°",batteryLevel=98.0  distance=25.16  totalDistance=607752.19  motion=true
TRUE,2022-09-13 18:05:25,52.269933,-9.537996,193 m,3.1 kn,"52.269933°, -9.537996°",batteryLevel=98.0  distance=25.58  totalDistance=607777.77  motion=true
TRUE,2022-09-13 18:05:41,52.269940,-9.537625,194 m,2.9 kn,"52.269940°, -9.537625°",batteryLevel=98.0  distance=25.27  totalDistance=607803.04  motion=true
TRUE,2022-09-13 18:05:59,52.269942,-9.537258,196 m,2.9 kn,"52.269942°, -9.537258°",batteryLevel=98.0  distance=25.02  totalDistance=607828.06  motion=true
TRUE,2022-09-13 18:06:15,52.269935,-9.536872,194 m,3.0 kn,"52.269935°, -9.536872°",batteryLevel=98.0  distance=26.3  totalDistance=607854.36  motion=true
TRUE,2022-09-13 18:06:31,52.269935,-9.536499,191 m,3.3 kn,"52.269935°, -9.536499°",batteryLevel=97.0  distance=25.41  totalDistance=607879.77  motion=true
TRUE,2022-09-13 18:06:46,52.269968,-9.536130,189 m,3.3 kn,"52.269968°, -9.536130°",batteryLevel=97.0  distance=25.38  totalDistance=607905.15  motion=true
TRUE,2022-09-13 18:07:04,52.270059,-9.535788,184 m,3.2 kn,"52.270059°, -9.535788°",batteryLevel=97.0  distance=25.48  totalDistance=607930.63  motion=true
TRUE,2022-09-13 18:07:21,52.270165,-9.535462,182 m,3.2 kn,"52.270165°, -9.535462°",batteryLevel=97.0  distance=25.08  totalDistance=607955.71  motion=true
TRUE,2022-09-13 18:07:39,52.270251,-9.535120,178 m,2.5 kn,"52.270251°, -9.535120°",batteryLevel=97.0  distance=25.18  totalDistance=607980.89  motion=true
TRUE,2022-09-13 18:07:52,52.270445,-9.534926,174 m,3.5 kn,"52.270445°, -9.534926°",batteryLevel=97.0  distance=25.28  totalDistance=608006.17  motion=true
TRUE,2022-09-13 18:08:10,52.270500,-9.534558,176 m,2.5 kn,"52.270500°, -9.534558°",batteryLevel=97.0  distance=25.82  totalDistance=608031.99  motion=true
TRUE,2022-09-13 18:08:37,52.270516,-9.534184,176 m,2.0 kn,"52.270516°, -9.534184°",batteryLevel=97.0  distance=25.54  totalDistance=608057.53  motion=true
TRUE,2022-09-13 18:08:53,52.270664,-9.533886,175 m,1.9 kn,"52.270664°, -9.533886°",batteryLevel=97.0  distance=26.11  totalDistance=608083.64  motion=true
TRUE,2022-09-13 18:09:07,52.270887,-9.533763,178 m,2.4 kn,"52.270887°, -9.533763°",batteryLevel=97.0  distance=26.21  totalDistance=608109.85  motion=true
TRUE,2022-09-13 18:09:28,52.271087,-9.533572,178 m,2.6 kn,"52.271087°, -9.533572°",batteryLevel=97.0  distance=25.74  totalDistance=608135.59  motion=true
TRUE,2022-09-13 18:09:48,52.271145,-9.533216,178 m,2.3 kn,"52.271145°, -9.533216°",batteryLevel=97.0  distance=25.09  totalDistance=608160.68  motion=true
TRUE,2022-09-13 18:10:08,52.271333,-9.532981,180 m,2.3 kn,"52.271333°, -9.532981°",batteryLevel=97.0  distance=26.3  totalDistance=608186.98  motion=true
TRUE,2022-09-13 18:10:27,52.271552,-9.532860,183 m,2.3 kn,"52.271552°, -9.532860°",batteryLevel=97.0  distance=25.76  totalDistance=608212.74  motion=true
1,2022-09-13 18:10:47,52.271770,-9.532766,188 m,2.0 kn,"52.271770°, -9.532766°",batteryLevel=97.0  distance=25.12  totalDistance=608237.86  motion=true
1,2022-09-13 18:11:02,52.271992,-9.532862,191 m,2.3 kn,"52.271992°, -9.532862°",batteryLevel=97.0  distance=25.53  totalDistance=608263.39  motion=true
1,2022-09-13 18:11:23,52.272218,-9.532836,191 m,2.2 kn,"52.272218°, -9.532836°",batteryLevel=97.0  distance=25.23  totalDistance=608288.62  motion=true
1,2022-09-13 18:11:38,52.272422,-9.532644,198 m,2.1 kn,"52.272422°, -9.532644°",batteryLevel=97.0  distance=26.21  totalDistance=608314.83  motion=true
1,2022-09-13 18:12:01,52.272646,-9.532592,203 m,2.1 kn,"52.272646°, -9.532592°",batteryLevel=97.0  distance=25.16  totalDistance=608339.99  motion=true
1,2022-09-13 18:12:17,52.272873,-9.532477,204 m,2.2 kn,"52.272873°, -9.532477°",batteryLevel=97.0  distance=26.47  totalDistance=608366.46  motion=true
1,2022-09-13 18:12:39,52.272979,-9.532149,204 m,2.0 kn,"52.272979°, -9.532149°",batteryLevel=97.0  distance=25.3  totalDistance=608391.76  motion=true
1,2022-09-13 18:13:01,52.273159,-9.531920,206 m,1.7 kn,"52.273159°, -9.531920°",batteryLevel=97.0  distance=25.32  totalDistance=608417.08  motion=true
1,2022-09-13 18:13:24,52.273364,-9.532093,204 m,2.5 kn,"52.273364°, -9.532093°",batteryLevel=97.0  distance=25.66  totalDistance=608442.74  motion=true
1,2022-09-13 18:13:46,52.273589,-9.532068,203 m,2.1 kn,"52.273589°, -9.532068°",batteryLevel=97.0  distance=25.11  totalDistance=608467.85  motion=true
1,2022-09-13 18:14:09,52.273812,-9.532138,206 m,2.0 kn,"52.273812°, -9.532138°",batteryLevel=97.0  distance=25.35  totalDistance=608493.2  motion=true
1,2022-09-13 18:14:54,52.273669,-9.531848,201 m,1.6 kn,"52.273669°, -9.531848°",batteryLevel=97.0  distance=25.37  totalDistance=608518.57  motion=true
1,2022-09-13 18:15:36,52.273883,-9.531980,212 m,2.7 kn,"52.273883°, -9.531980°",batteryLevel=97.0  distance=25.53  totalDistance=608544.1  motion=true
1,2022-09-13 18:15:55,52.274039,-9.532259,210 m,2.4 kn,"52.274039°, -9.532259°",batteryLevel=97.0  distance=25.65  totalDistance=608569.75  motion=true
1,2022-09-13 18:16:14,52.274175,-9.532557,212 m,2.4 kn,"52.274175°, -9.532557°",batteryLevel=97.0  distance=25.36  totalDistance=608595.11  motion=true
1,2022-09-13 18:16:49,52.274369,-9.532752,219 m,1.5 kn,"52.274369°, -9.532752°",batteryLevel=97.0  distance=25.33  totalDistance=608620.44  motion=true
1,2022-09-13 18:17:34,52.274573,-9.532591,226 m,2.2 kn,"52.274573°, -9.532591°",batteryLevel=97.0  distance=25.25  totalDistance=608645.69  motion=true
1,2022-09-13 18:18:22,52.274799,-9.532524,237 m,1.8 kn,"52.274799°, -9.532524°",batteryLevel=96.0  distance=25.58  totalDistance=608671.27  motion=true
1,2022-09-13 18:18:54,52.274680,-9.532207,242 m,1.5 kn,"52.274680°, -9.532207°",batteryLevel=96.0  distance=25.33  totalDistance=608696.6  motion=true
1,2022-09-13 18:19:37,52.274879,-9.532388,247 m,1.6 kn,"52.274879°, -9.532388°",batteryLevel=96.0  distance=25.35  totalDistance=608721.95  motion=true
1,2022-09-13 18:20:26,52.274991,-9.532061,254 m,2.1 kn,"52.274991°, -9.532061°",batteryLevel=96.0  distance=25.58  totalDistance=608747.53  motion=true
1,2022-09-13 18:20:45,52.274950,-9.531692,256 m,2.0 kn,"52.274950°, -9.531692°",batteryLevel=96.0  distance=25.54  totalDistance=608773.07  motion=true
1,2022-09-13 18:21:03,52.274866,-9.531344,256 m,2.5 kn,"52.274866°, -9.531344°",batteryLevel=96.0  distance=25.48  totalDistance=608798.55  motion=true
1,2022-09-13 18:21:20,52.274720,-9.531064,255 m,2.8 kn,"52.274720°, -9.531064°",batteryLevel=96.0  distance=25.06  totalDistance=608823.61  motion=true
1,2022-09-13 18:21:36,52.274627,-9.530720,253 m,2.6 kn,"52.274627°, -9.530720°",batteryLevel=96.0  distance=25.6  totalDistance=608849.21  motion=true
1,2022-09-13 18:21:56,52.274519,-9.530393,252 m,2.4 kn,"52.274519°, -9.530393°",batteryLevel=96.0  distance=25.34  totalDistance=608874.55  motion=true
1,2022-09-13 18:23:05,52.274335,-9.530620,243 m,1.9 kn,"52.274335°, -9.530620°",batteryLevel=96.0  distance=25.67  totalDistance=608900.22  motion=true
1,2022-09-13 18:23:24,52.274256,-9.530267,243 m,2.5 kn,"52.274256°, -9.530267°",batteryLevel=96.0  distance=25.63  totalDistance=608925.85  motion=true
1,2022-09-13 18:23:39,52.274211,-9.529905,239 m,2.5 kn,"52.274211°, -9.529905°",batteryLevel=96.0  distance=25.16  totalDistance=608951.01  motion=true
1,2022-09-13 18:23:54,52.274218,-9.529538,237 m,2.4 kn,"52.274218°, -9.529538°",batteryLevel=96.0  distance=25.0  totalDistance=608976.01  motion=true
1,2022-09-13 18:24:12,52.274141,-9.529180,241 m,2.1 kn,"52.274141°, -9.529180°",batteryLevel=96.0  distance=25.81  totalDistance=609001.82  motion=true
1,2022-09-13 18:24:28,52.274180,-9.528819,240 m,2.5 kn,"52.274180°, -9.528819°",batteryLevel=96.0  distance=25.03  totalDistance=609026.85  motion=true
1,2022-09-13 18:24:51,52.274228,-9.528460,232 m,2.4 kn,"52.274228°, -9.528460°",batteryLevel=96.0  distance=25.02  totalDistance=609051.87  motion=true
1,2022-09-13 18:25:42,52.274351,-9.528776,235 m,1.9 kn,"52.274351°, -9.528776°",batteryLevel=96.0  distance=25.56  totalDistance=609077.43  motion=true
1,2022-09-13 18:26:06,52.274423,-9.528426,238 m,1.8 kn,"52.274423°, -9.528426°",batteryLevel=96.0  distance=25.16  totalDistance=609102.59  motion=true
1,2022-09-13 18:27:45,52.274462,-9.528056,240 m,2.6 kn,"52.274462°, -9.528056°",batteryLevel=95.0  distance=25.59  totalDistance=609128.18  motion=true
1,2022-09-13 18:30:01,52.274453,-9.527684,242 m,2.3 kn,"52.274453°, -9.527684°",batteryLevel=95.0  distance=25.38  totalDistance=609153.56  motion=true
1,2022-09-13 18:30:23,52.274413,-9.527305,244 m,2.3 kn,"52.274413°, -9.527305°",batteryLevel=95.0  distance=26.19  totalDistance=609179.75  motion=true
1,2022-09-13 18:30:43,52.274343,-9.526955,246 m,2.5 kn,"52.274343°, -9.526955°",batteryLevel=95.0  distance=25.05  totalDistance=609204.8  motion=true
1,2022-09-13 18:31:00,52.274375,-9.526588,248 m,2.5 kn,"52.274375°, -9.526588°",batteryLevel=95.0  distance=25.27  totalDistance=609230.07  motion=true
1,2022-09-13 18:31:22,52.274454,-9.526239,251 m,2.4 kn,"52.274454°, -9.526239°",batteryLevel=95.0  distance=25.35  totalDistance=609255.42  motion=true
1,2022-09-13 18:32:02,52.274446,-9.525872,255 m,2.0 kn,"52.274446°, -9.525872°",batteryLevel=95.0  distance=24.99  totalDistance=609280.41  motion=true
1,2022-09-13 18:32:21,52.274276,-9.525580,260 m,2.4 kn,"52.274276°, -9.525580°",batteryLevel=95.0  distance=27.46  totalDistance=609307.87  motion=true
1,2022-09-13 18:32:43,52.274145,-9.525276,260 m,2.1 kn,"52.274145°, -9.525276°",batteryLevel=95.0  distance=25.38  totalDistance=609333.25  motion=true
1,2022-09-13 18:33:01,52.274119,-9.524909,261 m,2.2 kn,"52.274119°, -9.524909°",batteryLevel=95.0  distance=25.2  totalDistance=609358.45  motion=true
1,2022-09-13 18:33:39,52.274349,-9.524870,262 m,2.1 kn,"52.274349°, -9.524870°",batteryLevel=95.0  distance=25.81  totalDistance=609384.26  motion=true
1,2022-09-13 18:34:22,52.274206,-9.524563,261 m,2.3 kn,"52.274206°, -9.524563°",batteryLevel=95.0  distance=26.38  totalDistance=609410.64  motion=true
1,2022-09-13 18:34:40,52.274162,-9.524200,260 m,2.1 kn,"52.274162°, -9.524200°",batteryLevel=95.0  distance=25.14  totalDistance=609435.78  motion=true
1,2022-09-13 18:34:57,52.274090,-9.523843,258 m,2.6 kn,"52.274090°, -9.523843°",batteryLevel=95.0  distance=25.61  totalDistance=609461.39  motion=true
1,2022-09-13 18:35:19,52.273880,-9.523693,258 m,2.0 kn,"52.273880°, -9.523693°",batteryLevel=95.0  distance=25.52  totalDistance=609486.91  motion=true
1,2022-09-13 18:35:36,52.273853,-9.523325,257 m,2.3 kn,"52.273853°, -9.523325°",batteryLevel=95.0  distance=25.28  totalDistance=609512.19  motion=true
1,2022-09-13 18:35:54,52.273895,-9.522963,254 m,2.0 kn,"52.273895°, -9.522963°",batteryLevel=95.0  distance=25.11  totalDistance=609537.3  motion=true
1,2022-09-13 18:36:34,52.274087,-9.522761,257 m,1.1 kn,"52.274087°, -9.522761°",batteryLevel=95.0  distance=25.39  totalDistance=609562.69  motion=true
1,2022-09-13 18:37:22,52.274270,-9.522546,268 m,1.1 kn,"52.274270°, -9.522546°",batteryLevel=95.0  distance=25.1  totalDistance=609587.79  motion=true
1,2022-09-13 18:38:04,52.274458,-9.522343,274 m,0.9 kn,"52.274458°, -9.522343°",batteryLevel=95.0  distance=25.07  totalDistance=609612.86  motion=true
1,2022-09-13 18:39:07,52.274608,-9.522066,281 m,0.9 kn,"52.274608°, -9.522066°",batteryLevel=94.0  distance=25.2  totalDistance=609638.06  motion=true
1,2022-09-13 18:39:54,52.274798,-9.521869,295 m,1.2 kn,"52.274798°, -9.521869°",batteryLevel=94.0  distance=25.03  totalDistance=609663.09  motion=true
1,2022-09-13 18:40:28,52.274731,-9.521514,298 m,2.5 kn,"52.274731°, -9.521514°",batteryLevel=94.0  distance=25.33  totalDistance=609688.42  motion=true
1,2022-09-13 18:40:44,52.274641,-9.521167,304 m,2.6 kn,"52.274641°, -9.521167°",batteryLevel=94.0  distance=25.68  totalDistance=609714.1  motion=true
1,2022-09-13 18:41:02,52.274535,-9.520835,308 m,2.6 kn,"52.274535°, -9.520835°",batteryLevel=94.0  distance=25.52  totalDistance=609739.62  motion=true
1,2022-09-13 18:41:19,52.274428,-9.520513,312 m,2.5 kn,"52.274428°, -9.520513°",batteryLevel=94.0  distance=24.97  totalDistance=609764.59  motion=true
1,2022-09-13 18:41:36,52.274332,-9.520175,312 m,2.5 kn,"52.274332°, -9.520175°",batteryLevel=94.0  distance=25.33  totalDistance=609789.92  motion=true
1,2022-09-13 18:41:54,52.274202,-9.519860,310 m,2.9 kn,"52.274202°, -9.519860°",batteryLevel=94.0  distance=25.86  totalDistance=609815.78  motion=true
1,2022-09-13 18:42:32,52.274402,-9.519679,305 m,1.5 kn,"52.274402°, -9.519679°",batteryLevel=94.0  distance=25.47  totalDistance=609841.25  motion=true
1,2022-09-13 18:42:47,52.274467,-9.519324,307 m,2.3 kn,"52.274467°, -9.519324°",batteryLevel=94.0  distance=25.22  totalDistance=609866.47  motion=true
1,2022-09-13 18:43:05,52.274556,-9.518969,309 m,2.6 kn,"52.274556°, -9.518969°",batteryLevel=94.0  distance=26.12  totalDistance=609892.59  motion=true
1,2022-09-13 18:43:23,52.274670,-9.518645,308 m,2.4 kn,"52.274670°, -9.518645°",batteryLevel=94.0  distance=25.43  totalDistance=609918.02  motion=true
1,2022-09-13 18:43:48,52.274891,-9.518567,308 m,1.9 kn,"52.274891°, -9.518567°",batteryLevel=94.0  distance=25.19  totalDistance=609943.21  motion=true
1,2022-09-13 18:44:11,52.275087,-9.518752,308 m,1.8 kn,"52.275087°, -9.518752°",batteryLevel=94.0  distance=25.2  totalDistance=609968.41  motion=true
1,2022-09-13 18:44:32,52.275124,-9.519116,315 m,2.1 kn,"52.275124°, -9.519116°",batteryLevel=94.0  distance=25.11  totalDistance=609993.52  motion=true
1,2022-09-13 18:44:50,52.275252,-9.519423,318 m,2.4 kn,"52.275252°, -9.519423°",batteryLevel=94.0  distance=25.29  totalDistance=610018.81  motion=true
1,2022-09-13 18:45:10,52.275411,-9.519693,320 m,2.4 kn,"52.275411°, -9.519693°",batteryLevel=94.0  distance=25.54  totalDistance=610044.35  motion=true
1,2022-09-13 18:45:28,52.275618,-9.519844,323 m,2.3 kn,"52.275618°, -9.519844°",batteryLevel=94.0  distance=25.2  totalDistance=610069.55  motion=true
1,2022-09-13 18:46:18,52.275845,-9.519848,327 m,2.0 kn,"52.275845°, -9.519848°",batteryLevel=94.0  distance=25.27  totalDistance=610094.82  motion=true
1,2022-09-13 18:46:37,52.276015,-9.520097,327 m,2.3 kn,"52.276015°, -9.520097°",batteryLevel=94.0  distance=25.45  totalDistance=610120.27  motion=true
1,2022-09-13 18:46:57,52.275994,-9.520473,328 m,2.2 kn,"52.275994°, -9.520473°",batteryLevel=94.0  distance=25.72  totalDistance=610145.99  motion=true
1,2022-09-13 18:47:12,52.275834,-9.520734,329 m,2.5 kn,"52.275834°, -9.520734°",batteryLevel=94.0  distance=25.21  totalDistance=610171.2  motion=true
1,2022-09-13 18:47:29,52.275693,-9.521020,329 m,2.6 kn,"52.275693°, -9.521020°",batteryLevel=94.0  distance=25.03  totalDistance=610196.23  motion=true
1,2022-09-13 18:48:10,52.275878,-9.521237,327 m,1.9 kn,"52.275878°, -9.521237°",batteryLevel=94.0  distance=25.32  totalDistance=610221.55  motion=true
1,2022-09-13 18:48:27,52.276020,-9.521525,323 m,2.6 kn,"52.276020°, -9.521525°",batteryLevel=94.0  distance=25.21  totalDistance=610246.76  motion=true
1,2022-09-13 18:48:47,52.276137,-9.521846,320 m,2.5 kn,"52.276137°, -9.521846°",batteryLevel=94.0  distance=25.45  totalDistance=610272.21  motion=true
1,2022-09-13 18:49:08,52.276278,-9.522141,314 m,2.6 kn,"52.276278°, -9.522141°",batteryLevel=94.0  distance=25.49  totalDistance=610297.7  motion=true
1,2022-09-13 18:49:26,52.276431,-9.522420,310 m,2.8 kn,"52.276431°, -9.522420°",batteryLevel=94.0  distance=25.46  totalDistance=610323.16  motion=true
1,2022-09-13 18:49:51,52.276658,-9.522335,307 m,2.2 kn,"52.276658°, -9.522335°",batteryLevel=94.0  distance=25.96  totalDistance=610349.12  motion=true
1,2022-09-13 18:50:09,52.276786,-9.522029,306 m,2.6 kn,"52.276786°, -9.522029°",batteryLevel=94.0  distance=25.25  totalDistance=610374.37  motion=true
1,2022-09-13 18:50:28,52.276912,-9.521714,308 m,2.6 kn,"52.276912°, -9.521714°",batteryLevel=94.0  distance=25.6  totalDistance=610399.97  motion=true
1,2022-09-13 18:50:46,52.277034,-9.521400,310 m,2.7 kn,"52.277034°, -9.521400°",batteryLevel=94.0  distance=25.36  totalDistance=610425.33  motion=true
1,2022-09-13 18:51:02,52.277162,-9.521096,312 m,2.7 kn,"52.277162°, -9.521096°",batteryLevel=93.0  distance=25.16  totalDistance=610450.49  motion=true
1,2022-09-13 18:51:19,52.277292,-9.520789,312 m,2.7 kn,"52.277292°, -9.520789°",batteryLevel=93.0  distance=25.38  totalDistance=610475.87  motion=true
TRUE,2022-09-13 18:51:36,52.277412,-9.520479,313 m,2.7 kn,"52.277412°, -9.520479°",batteryLevel=93.0  distance=24.98  totalDistance=610500.85  motion=true
TRUE,2022-09-13 18:51:54,52.277528,-9.520164,314 m,2.8 kn,"52.277528°, -9.520164°",batteryLevel=93.0  distance=25.06  totalDistance=610525.91  motion=true
TRUE,2022-09-13 18:52:09,52.277679,-9.519877,315 m,2.8 kn,"52.277679°, -9.519877°",batteryLevel=93.0  distance=25.81  totalDistance=610551.72  motion=true
TRUE,2022-09-13 18:52:27,52.277806,-9.519562,314 m,2.8 kn,"52.277806°, -9.519562°",batteryLevel=93.0  distance=25.68  totalDistance=610577.4  motion=true
TRUE,2022-09-13 18:52:44,52.277926,-9.519239,314 m,2.8 kn,"52.277926°, -9.519239°",batteryLevel=93.0  distance=25.76  totalDistance=610603.16  motion=true
TRUE,2022-09-13 18:53:11,52.278151,-9.519194,312 m,2.0 kn,"52.278151°, -9.519194°",batteryLevel=93.0  distance=25.26  totalDistance=610628.42  motion=true
TRUE,2022-09-13 18:53:33,52.278253,-9.518866,311 m,2.4 kn,"52.278253°, -9.518866°",batteryLevel=93.0  distance=25.07  totalDistance=610653.49  motion=true
TRUE,2022-09-13 18:53:49,52.278109,-9.518575,310 m,2.9 kn,"52.278109°, -9.518575°",batteryLevel=93.0  distance=25.54  totalDistance=610679.03  motion=true
TRUE,2022-09-13 18:54:05,52.278000,-9.518253,310 m,2.9 kn,"52.278000°, -9.518253°",batteryLevel=93.0  distance=25.05  totalDistance=610704.08  motion=true
TRUE,2022-09-13 18:54:21,52.277891,-9.517919,308 m,2.7 kn,"52.277891°, -9.517919°",batteryLevel=93.0  distance=25.74  totalDistance=610729.82  motion=true
TRUE,2022-09-13 18:54:36,52.277792,-9.517584,306 m,2.7 kn,"52.277792°, -9.517584°",batteryLevel=93.0  distance=25.41  totalDistance=610755.23  motion=true
TRUE,2022-09-13 18:54:54,52.277698,-9.517243,305 m,2.7 kn,"52.277698°, -9.517243°",batteryLevel=93.0  distance=25.44  totalDistance=610780.67  motion=true
TRUE,2022-09-13 18:55:11,52.277632,-9.516886,304 m,2.9 kn,"52.277632°, -9.516886°",batteryLevel=93.0  distance=25.38  totalDistance=610806.05  motion=true
TRUE,2022-09-13 18:55:27,52.277553,-9.516529,304 m,2.8 kn,"52.277553°, -9.516529°",batteryLevel=93.0  distance=25.86  totalDistance=610831.91  motion=true
TRUE,2022-09-13 18:55:44,52.277479,-9.516170,302 m,2.7 kn,"52.277479°, -9.516170°",batteryLevel=93.0  distance=25.86  totalDistance=610857.77  motion=true
TRUE,2022-09-13 18:56:02,52.277352,-9.515860,300 m,2.6 kn,"52.277352°, -9.515860°",batteryLevel=93.0  distance=25.37  totalDistance=610883.14  motion=true
TRUE,2022-09-13 18:56:19,52.277252,-9.515519,300 m,2.8 kn,"52.277252°, -9.515519°",batteryLevel=93.0  distance=25.74  totalDistance=610908.88  motion=true
TRUE,2022-09-13 18:56:36,52.277139,-9.515188,297 m,2.8 kn,"52.277139°, -9.515188°",batteryLevel=93.0  distance=25.84  totalDistance=610934.72  motion=true
TRUE,2022-09-13 18:56:51,52.277022,-9.514871,295 m,2.6 kn,"52.277022°, -9.514871°",batteryLevel=93.0  distance=25.15  totalDistance=610959.87  motion=true
TRUE,2022-09-13 18:57:13,52.277017,-9.514500,292 m,2.2 kn,"52.277017°, -9.514500°",batteryLevel=93.0  distance=25.33  totalDistance=610985.2  motion=true
TRUE,2022-09-13 18:57:13,52.277017,-9.514500,292 m,2.2 kn,"52.277017°, -9.514500°",batteryLevel=93.0  distance=0.0  totalDistance=610985.2  motion=true
TRUE,2022-09-13 18:57:29,52.277204,-9.514264,290 m,2.6 kn,"52.277204°, -9.514264°",batteryLevel=93.0  distance=26.26  totalDistance=611011.46  motion=true
TRUE,2022-09-13 18:57:55,52.277263,-9.513905,288 m,1.9 kn,"52.277263°, -9.513905°",batteryLevel=93.0  distance=25.31  totalDistance=611036.77  motion=true
TRUE,2022-09-13 18:58:09,52.277096,-9.513647,287 m,2.5 kn,"52.277096°, -9.513647°",batteryLevel=93.0  distance=25.56  totalDistance=611062.33  motion=true
TRUE,2022-09-13 18:58:27,52.276934,-9.513381,286 m,2.8 kn,"52.276934°, -9.513381°",batteryLevel=93.0  distance=25.56  totalDistance=611087.89  motion=true
TRUE,2022-09-13 18:58:44,52.276717,-9.513239,284 m,2.7 kn,"52.276717°, -9.513239°",batteryLevel=93.0  distance=26.01  totalDistance=611113.9  motion=true
TRUE,2022-09-13 18:59:00,52.276528,-9.513001,283 m,2.7 kn,"52.276528°, -9.513001°",batteryLevel=93.0  distance=26.62  totalDistance=611140.52  motion=true
TRUE,2022-09-13 18:59:18,52.276301,-9.512918,281 m,3.0 kn,"52.276301°, -9.512918°",batteryLevel=93.0  distance=25.86  totalDistance=611166.38  motion=true
TRUE,2022-09-13 18:59:41,52.276097,-9.512752,277 m,0.9 kn,"52.276097°, -9.512752°",batteryLevel=92.0  distance=25.32  totalDistance=611191.7  motion=true
TRUE,2022-09-13 18:59:58,52.276212,-9.512426,274 m,2.4 kn,"52.276212°, -9.512426°",batteryLevel=92.0  distance=25.63  totalDistance=611217.33  motion=true
TRUE,2022-09-13 19:00:15,52.276355,-9.512140,273 m,2.4 kn,"52.276355°, -9.512140°",batteryLevel=92.0  distance=25.12  totalDistance=611242.45  motion=true
TRUE,2022-09-13 19:00:43,52.276127,-9.512137,271 m,2.6 kn,"52.276127°, -9.512137°",batteryLevel=92.0  distance=25.29  totalDistance=611267.74  motion=true
TRUE,2022-09-13 19:00:59,52.275917,-9.512293,270 m,3.0 kn,"52.275917°, -9.512293°",batteryLevel=92.0  distance=25.72  totalDistance=611293.46  motion=true
TRUE,2022-09-13 19:01:16,52.275724,-9.512493,269 m,2.9 kn,"52.275724°, -9.512493°",batteryLevel=92.0  distance=25.41  totalDistance=611318.87  motion=true
TRUE,2022-09-13 19:01:32,52.275530,-9.512678,269 m,2.8 kn,"52.275530°, -9.512678°",batteryLevel=92.0  distance=25.02  totalDistance=611343.89  motion=true
TRUE,2022-09-13 19:01:48,52.275355,-9.512922,269 m,3.0 kn,"52.275355°, -9.512922°",batteryLevel=92.0  distance=25.64  totalDistance=611369.53  motion=true
TRUE,2022-09-13 19:02:05,52.275238,-9.513241,268 m,3.1 kn,"52.275238°, -9.513241°",batteryLevel=92.0  distance=25.31  totalDistance=611394.84  motion=true
TRUE,2022-09-13 19:02:21,52.275084,-9.513528,268 m,2.9 kn,"52.275084°, -9.513528°",batteryLevel=92.0  distance=25.98  totalDistance=611420.82  motion=true
TRUE,2022-09-13 19:02:38,52.274882,-9.513693,262 m,2.6 kn,"52.274882°, -9.513693°",batteryLevel=92.0  distance=25.12  totalDistance=611445.94  motion=true
TRUE,2022-09-13 19:03:00,52.274714,-9.513944,259 m,2.8 kn,"52.274714°, -9.513944°",batteryLevel=92.0  distance=25.33  totalDistance=611471.27  motion=true
TRUE,2022-09-13 19:03:16,52.274542,-9.514201,258 m,3.4 kn,"52.274542°, -9.514201°",batteryLevel=92.0  distance=25.91  totalDistance=611497.18  motion=true
TRUE,2022-09-13 19:03:34,52.274401,-9.514495,256 m,2.6 kn,"52.274401°, -9.514495°",batteryLevel=92.0  distance=25.47  totalDistance=611522.65  motion=true
TRUE,2022-09-13 19:03:50,52.274186,-9.514647,253 m,2.5 kn,"52.274186°, -9.514647°",batteryLevel=92.0  distance=26.12  totalDistance=611548.77  motion=true
TRUE,2022-09-13 19:04:11,52.273960,-9.514632,252 m,2.3 kn,"52.273960°, -9.514632°",batteryLevel=92.0  distance=25.18  totalDistance=611573.95  motion=true
TRUE,2022-09-13 19:04:23,52.273751,-9.514491,252 m,2.9 kn,"52.273751°, -9.514491°",batteryLevel=92.0  distance=25.12  totalDistance=611599.07  motion=true
TRUE,2022-09-13 19:04:42,52.273530,-9.514415,251 m,2.2 kn,"52.273530°, -9.514415°",batteryLevel=92.0  distance=25.2  totalDistance=611624.27  motion=true
TRUE,2022-09-13 19:04:57,52.273300,-9.514433,245 m,2.8 kn,"52.273300°, -9.514433°",batteryLevel=92.0  distance=25.58  totalDistance=611649.85  motion=true
TRUE,2022-09-13 19:05:14,52.273085,-9.514569,243 m,2.7 kn,"52.273085°, -9.514569°",batteryLevel=92.0  distance=25.63  totalDistance=611675.48  motion=true
TRUE,2022-09-13 19:05:32,52.272862,-9.514662,241 m,2.9 kn,"52.272862°, -9.514662°",batteryLevel=92.0  distance=25.62  totalDistance=611701.1  motion=true
TRUE,2022-09-13 19:05:46,52.272639,-9.514743,239 m,3.0 kn,"52.272639°, -9.514743°",batteryLevel=92.0  distance=25.49  totalDistance=611726.59  motion=true
TRUE,2022-09-13 19:06:06,52.272415,-9.514814,239 m,2.9 kn,"52.272415°, -9.514814°",batteryLevel=92.0  distance=25.4  totalDistance=611751.99  motion=true
TRUE,2022-09-13 19:06:22,52.272209,-9.514965,236 m,3.0 kn,"52.272209°, -9.514965°",batteryLevel=92.0  distance=25.14  totalDistance=611777.13  motion=true
TRUE,2022-09-13 19:06:38,52.271990,-9.515071,234 m,2.9 kn,"52.271990°, -9.515071°",batteryLevel=92.0  distance=25.41  totalDistance=611802.54  motion=true
TRUE,2022-09-13 19:06:54,52.271759,-9.515062,235 m,2.8 kn,"52.271759°, -9.515062°",batteryLevel=92.0  distance=25.73  totalDistance=611828.27  motion=true
TRUE,2022-09-13 19:07:16,52.271561,-9.515245,230 m,2.1 kn,"52.271561°, -9.515245°",batteryLevel=91.0  distance=25.26  totalDistance=611853.53  motion=true
TRUE,2022-09-13 19:07:37,52.271611,-9.515605,228 m,0.7 kn,"52.271611°, -9.515605°",batteryLevel=91.0  distance=25.15  totalDistance=611878.68  motion=true
TRUE,2022-09-13 19:07:56,52.271681,-9.515956,226 m,2.1 kn,"52.271681°, -9.515956°",batteryLevel=91.0  distance=25.09  totalDistance=611903.77  motion=true
TRUE,2022-09-13 19:08:26,52.271831,-9.516242,226 m,1.6 kn,"52.271831°, -9.516242°",batteryLevel=91.0  distance=25.65  totalDistance=611929.42  motion=true
TRUE,2022-09-13 19:08:51,52.271955,-9.516556,228 m,2.4 kn,"52.271955°, -9.516556°",batteryLevel=91.0  distance=25.46  totalDistance=611954.88  motion=true
TRUE,2022-09-13 19:09:09,52.271996,-9.516931,230 m,2.9 kn,"52.271996°, -9.516931°",batteryLevel=91.0  distance=25.95  totalDistance=611980.83  motion=true
TRUE,2022-09-13 19:09:25,52.272056,-9.517285,229 m,2.6 kn,"52.272056°, -9.517285°",batteryLevel=91.0  distance=25.02  totalDistance=612005.85  motion=true
TRUE,2022-09-13 19:09:42,52.272092,-9.517660,229 m,2.7 kn,"52.272092°, -9.517660°",batteryLevel=91.0  distance=25.86  totalDistance=612031.71  motion=true
TRUE,2022-09-13 19:10:02,52.272132,-9.518028,227 m,2.6 kn,"52.272132°, -9.518028°",batteryLevel=91.0  distance=25.46  totalDistance=612057.17  motion=true
TRUE,2022-09-13 19:10:17,52.272240,-9.518353,226 m,2.8 kn,"52.272240°, -9.518353°",batteryLevel=91.0  distance=25.21  totalDistance=612082.38  motion=true
TRUE,2022-09-13 19:10:36,52.272357,-9.518672,225 m,2.7 kn,"52.272357°, -9.518672°",batteryLevel=91.0  distance=25.29  totalDistance=612107.67  motion=true
TRUE,2022-09-13 19:10:54,52.272470,-9.518994,223 m,2.4 kn,"52.272470°, -9.518994°",batteryLevel=91.0  distance=25.34  totalDistance=612133.01  motion=true
TRUE,2022-09-13 19:11:10,52.272512,-9.519355,222 m,2.8 kn,"52.272512°, -9.519355°",batteryLevel=91.0  distance=25.01  totalDistance=612158.02  motion=true
TRUE,2022-09-13 19:11:26,52.272632,-9.519668,221 m,2.7 kn,"52.272632°, -9.519668°",batteryLevel=91.0  distance=25.15  totalDistance=612183.17  motion=true
TRUE,2022-09-13 19:11:44,52.272488,-9.519956,218 m,2.2 kn,"52.272488°, -9.519956°",batteryLevel=91.0  distance=25.4  totalDistance=612208.57  motion=true
TRUE,2022-09-13 19:11:44,52.272488,-9.519956,218 m,2.2 kn,"52.272488°, -9.519956°",batteryLevel=91.0  distance=0.0  totalDistance=612208.57  motion=true
TRUE,2022-09-13 19:12:02,52.272607,-9.520289,211 m,2.3 kn,"52.272607°, -9.520289°",batteryLevel=91.0  distance=26.27  totalDistance=612234.84  motion=true
TRUE,2022-09-13 19:12:18,52.272710,-9.520627,212 m,2.4 kn,"52.272710°, -9.520627°",batteryLevel=90.0  distance=25.74  totalDistance=612260.58  motion=true
TRUE,2022-09-13 19:12:48,52.272670,-9.520989,207 m,2.4 kn,"52.272670°, -9.520989°",batteryLevel=90.0  distance=25.05  totalDistance=612285.63  motion=true
TRUE,2022-09-13 19:13:11,52.272723,-9.521352,207 m,2.0 kn,"52.272723°, -9.521352°",batteryLevel=90.0  distance=25.39  totalDistance=612311.02  motion=true
TRUE,2022-09-13 19:13:27,52.272863,-9.521650,207 m,2.3 kn,"52.272863°, -9.521650°",batteryLevel=90.0  distance=25.61  totalDistance=612336.63  motion=true
TRUE,2022-09-13 19:13:43,52.272890,-9.522014,207 m,2.6 kn,"52.272890°, -9.522014°",batteryLevel=90.0  distance=25.02  totalDistance=612361.65  motion=true
TRUE,2022-09-13 19:14:01,52.272837,-9.522372,206 m,2.6 kn,"52.272837°, -9.522372°",batteryLevel=90.0  distance=25.04  totalDistance=612386.69  motion=true
TRUE,2022-09-13 19:14:24,52.272987,-9.522652,206 m,2.1 kn,"52.272987°, -9.522652°",batteryLevel=89.0  distance=25.31  totalDistance=612412.0  motion=true
TRUE,2022-09-13 19:14:49,52.273136,-9.522935,213 m,2.3 kn,"52.273136°, -9.522935°",batteryLevel=89.0  distance=25.5  totalDistance=612437.5  motion=true
TRUE,2022-09-13 19:15:12,52.273005,-9.523245,212 m,2.6 kn,"52.273005°, -9.523245°",batteryLevel=89.0  distance=25.63  totalDistance=612463.13  motion=true
TRUE,2022-09-13 19:15:30,52.272828,-9.523477,210 m,2.4 kn,"52.272828°, -9.523477°",batteryLevel=89.0  distance=25.27  totalDistance=612488.4  motion=true
TRUE,2022-09-13 19:15:48,52.272979,-9.523774,204 m,2.3 kn,"52.272979°, -9.523774°",batteryLevel=89.0  distance=26.27  totalDistance=612514.67  motion=true
TRUE,2022-09-13 19:15:48,52.272979,-9.523774,204 m,2.3 kn,"52.272979°, -9.523774°",batteryLevel=89.0  distance=61.9  totalDistance=612651.7  motion=true
TRUE,2022-09-13 19:16:11,52.273153,-9.524009,205 m,1.9 kn,"52.273153°, -9.524009°",batteryLevel=89.0  distance=25.13  totalDistance=612539.8  motion=true
TRUE,2022-09-13 19:16:35,52.273025,-9.524310,207 m,2.0 kn,"52.273025°, -9.524310°",batteryLevel=89.0  distance=24.98  totalDistance=612564.78  motion=true
TRUE,2022-09-13 19:17:05,52.273068,-9.524671,203 m,2.2 kn,"52.273068°, -9.524671°",batteryLevel=89.0  distance=25.02  totalDistance=612589.8  motion=true
TRUE,2022-09-13 19:17:05,52.273068,-9.524671,203 m,2.2 kn,"52.273068°, -9.524671°",batteryLevel=89.0  distance=0.0  totalDistance=612589.8  motion=true
TRUE,2022-09-13 19:17:32,52.273217,-9.524947,203 m,2.0 kn,"52.273217°, -9.524947°",batteryLevel=89.0  distance=25.07  totalDistance=612614.87  motion=true
TRUE,2022-09-13 19:17:50,52.273203,-9.525317,204 m,2.5 kn,"52.273203°, -9.525317°",batteryLevel=88.0  distance=25.28  totalDistance=612640.15  motion=true
TRUE,2022-09-13 19:18:15,52.273295,-9.525657,205 m,1.6 kn,"52.273295°, -9.525657°",batteryLevel=88.0  distance=25.34  totalDistance=612665.49  motion=true
TRUE,2022-09-13 19:18:31,52.273422,-9.525961,210 m,2.3 kn,"52.273422°, -9.525961°",batteryLevel=88.0  distance=25.02  totalDistance=612690.51  motion=true
TRUE,2022-09-13 19:18:48,52.273472,-9.526330,209 m,2.3 kn,"52.273472°, -9.526330°",batteryLevel=88.0  distance=25.73  totalDistance=612716.24  motion=true
TRUE,2022-09-13 19:19:18,52.273324,-9.526619,208 m,2.8 kn,"52.273324°, -9.526619°",batteryLevel=88.0  distance=25.74  totalDistance=612741.98  motion=true
TRUE,2022-09-13 19:19:36,52.273146,-9.526846,204 m,2.3 kn,"52.273146°, -9.526846°",batteryLevel=88.0  distance=25.05  totalDistance=612767.03  motion=true
TRUE,2022-09-13 19:19:54,52.273169,-9.527221,199 m,2.1 kn,"52.273169°, -9.527221°",batteryLevel=88.0  distance=25.66  totalDistance=612792.69  motion=true
TRUE,2022-09-13 19:20:11,52.273277,-9.527555,198 m,2.3 kn,"52.273277°, -9.527555°",batteryLevel=88.0  distance=25.7  totalDistance=612818.39  motion=true
TRUE,2022-09-13 19:20:50,52.273474,-9.527743,200 m,1.9 kn,"52.273474°, -9.527743°",batteryLevel=88.0  distance=25.46  totalDistance=612843.85  motion=true
TRUE,2022-09-13 19:21:13,52.273601,-9.528046,200 m,1.8 kn,"52.273601°, -9.528046°",batteryLevel=87.0  distance=25.01  totalDistance=612868.86  motion=true
TRUE,2022-09-13 19:21:54,52.273824,-9.527965,206 m,1.7 kn,"52.273824°, -9.527965°",batteryLevel=87.0  distance=25.45  totalDistance=612894.31  motion=true
TRUE,2022-09-13 19:22:22,52.273943,-9.528287,208 m,2.2 kn,"52.273943°, -9.528287°",batteryLevel=87.0  distance=25.62  totalDistance=612919.93  motion=true
TRUE,2022-09-13 19:22:44,52.273875,-9.528638,210 m,2.1 kn,"52.273875°, -9.528638°",batteryLevel=87.0  distance=25.08  totalDistance=612945.01  motion=true
TRUE,2022-09-13 19:23:21,52.273686,-9.528434,207 m,2.3 kn,"52.273686°, -9.528434°",batteryLevel=87.0  distance=25.28  totalDistance=612970.29  motion=true
TRUE,2022-09-13 19:23:41,52.273509,-9.528199,205 m,2.2 kn,"52.273509°, -9.528199°",batteryLevel=87.0  distance=25.33  totalDistance=612995.62  motion=true
TRUE,2022-09-13 19:24:31,52.273480,-9.528572,196 m,1.6 kn,"52.273480°, -9.528572°",batteryLevel=87.0  distance=25.62  totalDistance=613021.24  motion=true
TRUE,2022-09-13 19:24:50,52.273440,-9.528943,194 m,1.9 kn,"52.273440°, -9.528943°",batteryLevel=87.0  distance=25.69  totalDistance=613046.93  motion=true
TRUE,2022-09-13 19:25:06,52.273493,-9.529299,200 m,2.1 kn,"52.273493°, -9.529299°",batteryLevel=87.0  distance=24.97  totalDistance=613071.9  motion=true
TRUE,2022-09-13 19:25:27,52.273478,-9.529684,197 m,2.0 kn,"52.273478°, -9.529684°",batteryLevel=87.0  distance=26.26  totalDistance=613098.16  motion=true
TRUE,2022-09-13 19:25:43,52.273482,-9.530059,194 m,2.3 kn,"52.273482°, -9.530059°",batteryLevel=87.0  distance=25.53  totalDistance=613123.69  motion=true
TRUE,2022-09-13 19:26:00,52.273466,-9.530441,195 m,2.0 kn,"52.273466°, -9.530441°",batteryLevel=87.0  distance=26.07  totalDistance=613149.76  motion=true
TRUE,2022-09-13 19:26:21,52.273462,-9.530812,194 m,2.1 kn,"52.273462°, -9.530812°",batteryLevel=87.0  distance=25.31  totalDistance=613175.07  motion=true
TRUE,2022-09-13 19:26:40,52.273249,-9.530999,194 m,2.0 kn,"52.273249°, -9.530999°",batteryLevel=87.0  distance=26.92  totalDistance=613201.99  motion=true
TRUE,2022-09-13 19:27:24,52.273023,-9.531030,192 m,1.2 kn,"52.273023°, -9.531030°",batteryLevel=86.0  distance=25.26  totalDistance=613227.25  motion=true
TRUE,2022-09-13 19:28:09,52.272865,-9.531293,196 m,1.6 kn,"52.272865°, -9.531293°",batteryLevel=86.0  distance=25.17  totalDistance=613252.42  motion=true
TRUE,2022-09-13 19:28:49,52.272716,-9.531577,206 m,1.6 kn,"52.272716°, -9.531577°",batteryLevel=86.0  distance=25.48  totalDistance=613277.9  motion=true
TRUE,2022-09-13 19:29:44,52.272490,-9.531576,214 m,1.7 kn,"52.272490°, -9.531576°",batteryLevel=86.0  distance=25.09  totalDistance=613302.99  motion=true
TRUE,2022-09-13 19:30:10,52.272309,-9.531347,221 m,1.6 kn,"52.272309°, -9.531347°",batteryLevel=86.0  distance=25.45  totalDistance=613328.44  motion=true
TRUE,2022-09-13 19:30:33,52.272084,-9.531269,224 m,2.0 kn,"52.272084°, -9.531269°",batteryLevel=86.0  distance=25.61  totalDistance=613354.05  motion=true
TRUE,2022-09-13 19:30:54,52.271866,-9.531156,227 m,2.0 kn,"52.271866°, -9.531156°",batteryLevel=86.0  distance=25.55  totalDistance=613379.6  motion=true
TRUE,2022-09-13 19:31:12,52.271633,-9.531224,231 m,2.4 kn,"52.271633°, -9.531224°",batteryLevel=86.0  distance=26.25  totalDistance=613405.85  motion=true
TRUE,2022-09-13 19:31:32,52.271400,-9.531231,232 m,2.5 kn,"52.271400°, -9.531231°",batteryLevel=86.0  distance=25.95  totalDistance=613431.8  motion=true
TRUE,2022-09-13 19:31:51,52.271180,-9.531157,233 m,2.3 kn,"52.271180°, -9.531157°",batteryLevel=86.0  distance=25.08  totalDistance=613456.88  motion=true
TRUE,2022-09-13 19:32:18,52.270967,-9.531301,232 m,2.1 kn,"52.270967°, -9.531301°",batteryLevel=86.0  distance=25.59  totalDistance=613482.47  motion=true
TRUE,2022-09-13 19:32:35,52.270773,-9.531504,233 m,2.4 kn,"52.270773°, -9.531504°",batteryLevel=86.0  distance=25.66  totalDistance=613508.13  motion=true
TRUE,2022-09-13 19:33:04,52.270650,-9.531192,235 m,1.4 kn,"52.270650°, -9.531192°",batteryLevel=86.0  distance=25.27  totalDistance=613533.4  motion=true
TRUE,2022-09-13 19:33:46,52.270748,-9.530852,242 m,1.9 kn,"52.270748°, -9.530852°",batteryLevel=86.0  distance=25.59  totalDistance=613558.99  motion=true
TRUE,2022-09-13 19:34:31,52.270524,-9.530778,244 m,2.1 kn,"52.270524°, -9.530778°",batteryLevel=86.0  distance=25.42  totalDistance=613584.41  motion=true
TRUE,2022-09-13 19:35:04,52.270367,-9.530507,248 m,2.1 kn,"52.270367°, -9.530507°",batteryLevel=85.0  distance=25.4  totalDistance=613609.81  motion=true
TRUE,2022-09-13 19:35:30,52.270160,-9.530361,254 m,2.2 kn,"52.270160°, -9.530361°",batteryLevel=85.0  distance=25.07  totalDistance=613634.88  motion=true
TRUE,2022-09-13 19:36:01,52.269939,-9.530480,258 m,1.7 kn,"52.269939°, -9.530480°",batteryLevel=85.0  distance=25.9  totalDistance=613660.78  motion=true
TRUE,2022-09-13 19:36:20,52.269835,-9.530809,260 m,2.3 kn,"52.269835°, -9.530809°",batteryLevel=85.0  distance=25.21  totalDistance=613685.99  motion=true
TRUE,2022-09-13 19:36:38,52.269746,-9.531156,263 m,2.4 kn,"52.269746°, -9.531156°",batteryLevel=85.0  distance=25.65  totalDistance=613711.64  motion=true
TRUE,2022-09-13 19:36:56,52.269639,-9.531481,264 m,2.6 kn,"52.269639°, -9.531481°",batteryLevel=85.0  distance=25.11  totalDistance=613736.75  motion=true
TRUE,2022-09-13 19:37:12,52.269502,-9.531775,264 m,2.4 kn,"52.269502°, -9.531775°",batteryLevel=85.0  distance=25.14  totalDistance=613761.89  motion=true
TRUE,2022-09-13 19:37:49,52.269343,-9.531512,268 m,2.3 kn,"52.269343°, -9.531512°",batteryLevel=85.0  distance=25.15  totalDistance=613787.04  motion=true
TRUE,2022-09-13 19:38:09,52.269292,-9.531153,272 m,2.3 kn,"52.269292°, -9.531153°",batteryLevel=85.0  distance=25.15  totalDistance=613812.19  motion=true
TRUE,2022-09-13 19:38:28,52.269319,-9.530783,275 m,2.5 kn,"52.269319°, -9.530783°",batteryLevel=85.0  distance=25.36  totalDistance=613837.55  motion=true
TRUE,2022-09-13 19:38:47,52.269365,-9.530403,277 m,2.6 kn,"52.269365°, -9.530403°",batteryLevel=85.0  distance=26.39  totalDistance=613863.94  motion=true
TRUE,2022-09-13 19:39:03,52.269405,-9.530037,279 m,2.7 kn,"52.269405°, -9.530037°",batteryLevel=85.0  distance=25.36  totalDistance=613889.3  motion=true
TRUE,2022-09-13 19:39:20,52.269449,-9.529676,282 m,2.6 kn,"52.269449°, -9.529676°",batteryLevel=85.0  distance=25.07  totalDistance=613914.37  motion=true
TRUE,2022-09-13 19:39:44,52.269259,-9.529450,283 m,2.1 kn,"52.269259°, -9.529450°",batteryLevel=85.0  distance=26.22  totalDistance=613940.59  motion=true
TRUE,2022-09-13 19:40:00,52.269287,-9.529087,283 m,2.4 kn,"52.269287°, -9.529087°",batteryLevel=85.0  distance=24.95  totalDistance=613965.54  motion=true
TRUE,2022-09-13 19:40:26,52.269068,-9.528956,285 m,2.1 kn,"52.269068°, -9.528956°",batteryLevel=85.0  distance=25.97  totalDistance=613991.51  motion=true
TRUE,2022-09-13 19:40:42,52.268850,-9.529084,286 m,2.6 kn,"52.268850°, -9.529084°",batteryLevel=85.0  distance=25.75  totalDistance=614017.26  motion=true
TRUE,2022-09-13 19:40:59,52.268636,-9.529210,287 m,2.7 kn,"52.268636°, -9.529210°",batteryLevel=85.0  distance=25.28  totalDistance=614042.54  motion=true
TRUE,2022-09-13 19:41:16,52.268427,-9.529364,286 m,2.7 kn,"52.268427°, -9.529364°",batteryLevel=85.0  distance=25.52  totalDistance=614068.06  motion=true
TRUE,2022-09-13 19:41:32,52.268285,-9.529648,286 m,2.4 kn,"52.268285°, -9.529648°",batteryLevel=85.0  distance=24.99  totalDistance=614093.05  motion=true
TRUE,2022-09-13 19:41:47,52.268255,-9.530020,284 m,2.7 kn,"52.268255°, -9.530020°",batteryLevel=85.0  distance=25.55  totalDistance=614118.6  motion=true
TRUE,2022-09-13 19:42:03,52.268217,-9.530389,284 m,2.7 kn,"52.268217°, -9.530389°",batteryLevel=85.0  distance=25.49  totalDistance=614144.09  motion=true
TRUE,2022-09-13 19:42:20,52.268180,-9.530753,280 m,2.8 kn,"52.268180°, -9.530753°",batteryLevel=85.0  distance=25.09  totalDistance=614169.18  motion=true
TRUE,2022-09-13 19:42:36,52.268133,-9.531140,276 m,2.9 kn,"52.268133°, -9.531140°",batteryLevel=84.0  distance=26.88  totalDistance=614196.06  motion=true
TRUE,2022-09-13 19:42:51,52.268133,-9.531513,278 m,3.0 kn,"52.268133°, -9.531513°",batteryLevel=84.0  distance=25.44  totalDistance=614221.5  motion=true
TRUE,2022-09-13 19:43:05,52.268129,-9.531880,276 m,3.0 kn,"52.268129°, -9.531880°",batteryLevel=84.0  distance=25.01  totalDistance=614246.51  motion=true
TRUE,2022-09-13 19:43:21,52.268140,-9.532267,276 m,3.0 kn,"52.268140°, -9.532267°",batteryLevel=84.0  distance=26.38  totalDistance=614272.89  motion=true
TRUE,2022-09-13 19:43:37,52.268141,-9.532634,275 m,3.0 kn,"52.268141°, -9.532634°",batteryLevel=84.0  distance=25.0  totalDistance=614297.89  motion=true
TRUE,2022-09-13 19:43:53,52.268132,-9.533002,271 m,2.9 kn,"52.268132°, -9.533002°",batteryLevel=84.0  distance=25.11  totalDistance=614323.0  motion=true
TRUE,2022-09-13 19:44:09,52.268165,-9.533379,269 m,2.9 kn,"52.268165°, -9.533379°",batteryLevel=84.0  distance=25.94  totalDistance=614348.94  motion=true
TRUE,2022-09-13 19:44:25,52.268177,-9.533762,267 m,3.0 kn,"52.268177°, -9.533762°",batteryLevel=84.0  distance=26.13  totalDistance=614375.07  motion=true
TRUE,2022-09-13 19:44:41,52.268207,-9.534136,264 m,3.3 kn,"52.268207°, -9.534136°",batteryLevel=84.0  distance=25.65  totalDistance=614400.72  motion=true
TRUE,2022-09-13 19:44:58,52.268274,-9.534490,260 m,2.7 kn,"52.268274°, -9.534490°",batteryLevel=84.0  distance=25.27  totalDistance=614425.99  motion=true
TRUE,2022-09-13 19:45:12,52.268265,-9.534869,258 m,3.1 kn,"52.268265°, -9.534869°",batteryLevel=84.0  distance=25.8  totalDistance=614451.79  motion=true
TRUE,2022-09-13 19:45:28,52.268277,-9.535241,255 m,3.1 kn,"52.268277°, -9.535241°",batteryLevel=84.0  distance=25.4  totalDistance=614477.19  motion=true
TRUE,2022-09-13 19:45:46,52.268304,-9.535609,251 m,2.9 kn,"52.268304°, -9.535609°",batteryLevel=84.0  distance=25.22  totalDistance=614502.41  motion=true
TRUE,2022-09-13 19:46:00,52.268301,-9.535981,250 m,3.4 kn,"52.268301°, -9.535981°",batteryLevel=84.0  distance=25.36  totalDistance=614527.77  motion=true
TRUE,2022-09-13 19:46:17,52.268295,-9.536348,248 m,2.9 kn,"52.268295°, -9.536348°",batteryLevel=84.0  distance=25.04  totalDistance=614552.81  motion=true
TRUE,2022-09-13 19:46:34,52.268304,-9.536717,246 m,2.9 kn,"52.268304°, -9.536717°",batteryLevel=84.0  distance=25.17  totalDistance=614577.98  motion=true
TRUE,2022-09-13 19:46:51,52.268345,-9.537085,243 m,2.6 kn,"52.268345°, -9.537085°",batteryLevel=84.0  distance=25.45  totalDistance=614603.43  motion=true
TRUE,2022-09-13 19:47:08,52.268351,-9.537453,241 m,2.9 kn,"52.268351°, -9.537453°",batteryLevel=84.0  distance=25.08  totalDistance=614628.51  motion=true
TRUE,2022-09-13 19:47:24,52.268329,-9.537822,238 m,2.9 kn,"52.268329°, -9.537822°",batteryLevel=84.0  distance=25.29  totalDistance=614653.8  motion=true
TRUE,2022-09-13 19:47:41,52.268332,-9.538196,236 m,2.8 kn,"52.268332°, -9.538196°",batteryLevel=84.0  distance=25.48  totalDistance=614679.28  motion=true
TRUE,2022-09-13 19:48:09,52.268529,-9.538379,233 m,2.2 kn,"52.268529°, -9.538379°",batteryLevel=84.0  distance=25.25  totalDistance=614704.53  motion=true
TRUE,2022-09-13 19:48:24,52.268751,-9.538457,232 m,2.7 kn,"52.268751°, -9.538457°",batteryLevel=84.0  distance=25.26  totalDistance=614729.79  motion=true
TRUE,2022-09-13 19:48:43,52.268977,-9.538493,232 m,2.5 kn,"52.268977°, -9.538493°",batteryLevel=84.0  distance=25.21  totalDistance=614755.0  motion=true
TRUE,2022-09-13 19:49:09,52.269086,-9.538817,229 m,2.8 kn,"52.269086°, -9.538817°",batteryLevel=84.0  distance=25.23  totalDistance=614780.23  motion=true
TRUE,2022-09-13 19:49:25,52.269053,-9.539194,227 m,2.9 kn,"52.269053°, -9.539194°",batteryLevel=84.0  distance=25.9  totalDistance=614806.13  motion=true
TRUE,2022-09-13 19:49:42,52.269022,-9.539568,225 m,2.8 kn,"52.269022°, -9.539568°",batteryLevel=84.0  distance=25.73  totalDistance=614831.86  motion=true
TRUE,2022-09-13 19:49:58,52.268946,-9.539915,222 m,2.8 kn,"52.268946°, -9.539915°",batteryLevel=84.0  distance=25.1  totalDistance=614856.96  motion=true
TRUE,2022-09-13 19:50:14,52.268908,-9.540282,217 m,2.8 kn,"52.268908°, -9.540282°",batteryLevel=84.0  distance=25.38  totalDistance=614882.34  motion=true
TRUE,2022-09-13 19:50:28,52.268821,-9.540628,217 m,2.4 kn,"52.268821°, -9.540628°",batteryLevel=83.0  distance=25.52  totalDistance=614907.86  motion=true
TRUE,2022-09-13 19:50:48,52.268765,-9.540991,213 m,2.2 kn,"52.268765°, -9.540991°",batteryLevel=83.0  distance=25.48  totalDistance=614933.34  motion=true
TRUE,2022-09-13 19:51:03,52.268731,-9.541354,210 m,2.3 kn,"52.268731°, -9.541354°",batteryLevel=83.0  distance=24.99  totalDistance=614958.33  motion=true
TRUE,2022-09-13 19:51:21,52.268671,-9.541722,207 m,2.6 kn,"52.268671°, -9.541722°",batteryLevel=83.0  distance=25.92  totalDistance=614984.25  motion=true
TRUE,2022-09-13 19:51:34,52.268619,-9.542089,206 m,2.5 kn,"52.268619°, -9.542089°",batteryLevel=83.0  distance=25.73  totalDistance=615009.98  motion=true
TRUE,2022-09-13 19:51:51,52.268567,-9.542458,205 m,2.2 kn,"52.268567°, -9.542458°",batteryLevel=83.0  distance=25.76  totalDistance=615035.74  motion=true
TRUE,2022-09-13 19:52:10,52.268524,-9.542822,202 m,2.2 kn,"52.268524°, -9.542822°",batteryLevel=83.0  distance=25.22  totalDistance=615060.96  motion=true
TRUE,2022-09-13 19:52:24,52.268472,-9.543183,200 m,2.3 kn,"52.268472°, -9.543183°",batteryLevel=83.0  distance=25.26  totalDistance=615086.22  motion=true
TRUE,2022-09-13 19:52:42,52.268640,-9.543430,200 m,1.7 kn,"52.268640°, -9.543430°",batteryLevel=83.0  distance=25.15  totalDistance=615111.37  motion=true
TRUE,2022-09-13 19:53:04,52.268618,-9.543800,199 m,2.0 kn,"52.268618°, -9.543800°",batteryLevel=83.0  distance=25.32  totalDistance=615136.69  motion=true
TRUE,2022-09-13 19:53:22,52.268562,-9.544164,198 m,2.1 kn,"52.268562°, -9.544164°",batteryLevel=83.0  distance=25.57  totalDistance=615162.26  motion=true
TRUE,2022-09-13 19:53:40,52.268520,-9.544533,197 m,2.3 kn,"52.268520°, -9.544533°",batteryLevel=83.0  distance=25.58  totalDistance=615187.84  motion=true
TRUE,2022-09-13 19:53:54,52.268405,-9.544857,196 m,2.5 kn,"52.268405°, -9.544857°",batteryLevel=83.0  distance=25.53  totalDistance=615213.37  motion=true
TRUE,2022-09-13 19:54:11,52.268322,-9.545207,193 m,2.2 kn,"52.268322°, -9.545207°",batteryLevel=83.0  distance=25.52  totalDistance=615238.89  motion=true
TRUE,2022-09-13 19:54:26,52.268220,-9.545539,192 m,2.2 kn,"52.268220°, -9.545539°",batteryLevel=83.0  distance=25.34  totalDistance=615264.23  motion=true
TRUE,2022-09-13 19:54:48,52.268157,-9.545904,192 m,2.2 kn,"52.268157°, -9.545904°",batteryLevel=83.0  distance=25.85  totalDistance=615290.08  motion=true
TRUE,2022-09-13 19:55:05,52.268053,-9.546233,189 m,2.5 kn,"52.268053°, -9.546233°",batteryLevel=83.0  distance=25.21  totalDistance=615315.29  motion=true
TRUE,2022-09-13 19:55:30,52.268272,-9.546339,184 m,2.1 kn,"52.268272°, -9.546339°",batteryLevel=83.0  distance=25.44  totalDistance=615340.73  motion=true
TRUE,2022-09-13 19:55:47,52.268413,-9.546047,181 m,1.9 kn,"52.268413°, -9.546047°",batteryLevel=83.0  distance=25.3  totalDistance=615366.03  motion=true
TRUE,2022-09-13 19:56:01,52.268518,-9.545723,180 m,2.0 kn,"52.268518°, -9.545723°",batteryLevel=83.0  distance=25.03  totalDistance=615391.06  motion=true
TRUE,2022-09-13 19:56:14,52.268698,-9.545502,181 m,2.4 kn,"52.268698°, -9.545502°",batteryLevel=83.0  distance=25.03  totalDistance=615416.09  motion=true
TRUE,2022-09-13 19:56:31,52.268847,-9.545226,179 m,2.7 kn,"52.268847°, -9.545226°",batteryLevel=83.0  distance=25.1  totalDistance=615441.19  motion=true
TRUE,2022-09-13 19:56:48,52.269045,-9.545050,177 m,2.3 kn,"52.269045°, -9.545050°",batteryLevel=83.0  distance=25.05  totalDistance=615466.24  motion=true
TRUE,2022-09-13 19:57:10,52.269243,-9.544874,171 m,2.1 kn,"52.269243°, -9.544874°",batteryLevel=83.0  distance=25.15  totalDistance=615491.39  motion=true
TRUE,2022-09-13 19:57:29,52.269459,-9.544743,166 m,2.5 kn,"52.269459°, -9.544743°",batteryLevel=83.0  distance=25.63  totalDistance=615517.02  motion=true
TRUE,2022-09-13 19:57:47,52.269658,-9.544553,164 m,2.6 kn,"52.269658°, -9.544553°",batteryLevel=83.0  distance=25.67  totalDistance=615542.69  motion=true
TRUE,2022-09-13 19:58:02,52.269870,-9.544706,163 m,2.9 kn,"52.269870°, -9.544706°",batteryLevel=83.0  distance=25.82  totalDistance=615568.51  motion=true
TRUE,2022-09-13 19:58:19,52.270076,-9.544857,164 m,2.7 kn,"52.270076°, -9.544857°",batteryLevel=83.0  distance=25.06  totalDistance=615593.57  motion=true
TRUE,2022-09-13 19:59:10,52.270213,-9.545151,167 m,2.1 kn,"52.270213°, -9.545151°",batteryLevel=82.0  distance=25.23  totalDistance=615618.8  motion=true
TRUE,2022-09-13 19:59:28,52.270224,-9.545518,170 m,2.2 kn,"52.270224°, -9.545518°",batteryLevel=82.0  distance=25.05  totalDistance=615643.85  motion=true
TRUE,2022-09-13 19:59:48,52.270279,-9.545876,173 m,2.2 kn,"52.270279°, -9.545876°",batteryLevel=82.0  distance=25.12  totalDistance=615668.97  motion=true
TRUE,2022-09-13 20:00:27,52.270416,-9.545582,178 m,2.1 kn,"52.270416°, -9.545582°",batteryLevel=82.0  distance=25.15  totalDistance=615694.12  motion=true
